metric,t_statistic,p_value,significant
aggrescan3d_avg_value,-11.09673878753729,4.890652862455154e-25,yes
composition_GLU_binder,10.84029426548698,1.086631931157102e-23,yes
composition_GLU,10.735438364403292,1.1951873265177255e-23,yes
composition_LYS,10.01361868140595,3.839927532883299e-21,yes
budeff_charge_per_aa,-9.475863946765628,5.802844844067931e-19,yes
rosetta_hbond_sr_bb_per_aa,-9.279951777162227,1.1069389386754394e-18,yes
aggrescan3d_avg_value_binder,-9.101090091807476,1.1176606144661351e-17,yes
composition_LYS_binder,8.931514843666127,2.4196078741922182e-17,yes
budeff_charge_per_aa_binder,-8.757486551962186,7.407473634272684e-17,yes
aggrescan3d_min_value,-8.592163285637824,2.249511683567422e-16,yes
ss_prop_alpha_helix,8.571027260824183,2.377508221073609e-16,yes
ss_prop_alpha_helix_binder,8.107836268646802,8.865079814829672e-15,yes
rosetta_hbond_sr_bb_per_aa_binder,-8.076795321315805,9.468088952342054e-15,yes
aggrescan3d_min_value_binder,-7.728509356290041,1.1146947800065701e-13,yes
composition_GLY,-7.238326905152479,7.312416265429683e-12,yes
ss_prop_beta_strand,-7.167137604574864,8.272455157031799e-12,yes
ss_prop_beta_strand_binder,-6.486554901582989,4.3987612101690784e-10,yes
composition_GLY_binder,-6.514891296829711,4.5752594471001715e-10,yes
composition_SER_binder,-6.401252170043128,8.734009916561947e-10,yes
isoelectric_point,-6.315655569492975,1.099201320445409e-09,yes
composition_SER,-6.2554106051398755,2.7744969421329434e-09,yes
rosetta_fa_intra_sol_xover4_per_aa_binder,6.130085754319567,3.1985483135022976e-09,yes
charge_binder,-5.92025909213089,9.251680605565182e-09,yes
charge,-5.8764658384549655,1.1499110459494006e-08,yes
composition_LEU,5.684561065845855,2.8372917421812596e-08,yes
rosetta_hbond_lr_bb_per_aa_binder,5.710717898744435,3.5205674405277975e-08,yes
rosetta_lk_ball_wtd_per_aa,-5.615310428808185,7.005933446913739e-08,yes
rosetta_fa_intra_sol_xover4_per_aa,5.551210699980431,9.057639072634531e-08,yes
aggrescan3d_max_value_binder,-5.483937689587527,1.1602652579901316e-07,yes
composition_GLN,-5.404185999197796,1.7081493902671351e-07,yes
composition_TYR,-5.404152426102877,1.7953439273283805e-07,yes
rosetta_hbond_lr_bb_per_aa,5.141475320153781,5.643430346630341e-07,yes
ss_prop_loop,-5.125391445706976,6.917431367372075e-07,yes
composition_THR,-4.834569860761007,2.610711158953932e-06,yes
ss_prop_loop_binder,-4.765150102858627,3.540875700788981e-06,yes
ss_prop_bend_binder,-4.563189358080439,7.616005937313596e-06,yes
rosetta_lk_ball_wtd_per_aa_binder,-4.573472148087286,8.123054022792885e-06,yes
composition_THR_binder,-4.287230040003169,2.8128307384878343e-05,yes
evoef2_intraR_total_per_aa_binder,-4.246200775841027,3.2122730122405685e-05,yes
isoelectric_point_binder,-4.240559215978792,3.48514579576725e-05,yes
aggrescan3d_max_value,-4.144902123033995,4.945670264750168e-05,yes
rosetta_rama_prepro_per_aa,-4.121199255661948,6.196918782221911e-05,yes
ttmscore_swissprot,-3.9445262218623682,0.00010829671572163893,yes
evoef2_ref_total_per_aa,3.9323518782852407,0.00010981934709573845,yes
composition_GLN_binder,-3.885520924467233,0.0001336780351445008,yes
composition_LEU_binder,3.7918944321415324,0.0001822439455313406,yes
composition_TRP,-3.7607347891100122,0.00021436502226915028,yes
rosetta_fa_elec_per_aa,-3.597183261455766,0.00040225378346840234,yes
rosetta_hbond_sc_per_aa_binder,3.523433902476793,0.0005357552354294212,yes
ss_prop_3_10_helix_binder,-3.4988584008672756,0.0005467130436654794,yes
rosetta_hbond_bb_sc_per_aa_binder,3.506359087430593,0.0005504876153128688,yes
rosetta_fa_sol_per_aa_binder,3.4150465600517705,0.0007543029543923521,yes
evoef2_intraR_total_per_aa,-3.405094544647877,0.0008002351352919252,yes
alntmscore_swissprot,-3.3169206709809185,0.0010512856731974625,yes
ss_prop_hbonded_turn,-3.300499746159394,0.001073951082591334,yes
budeff_total_per_aa,-3.1548088096572995,0.0019476069687834406,yes
rosetta_hbond_sc_per_aa,3.115323756842844,0.0020992293292686577,yes
evalue_swissprot,-3.1003959835338195,0.0021607148619480513,yes
packing_density,-3.08717147521933,0.0023803503545269827,yes
rosetta_dslf_fa13_per_aa,-3.056486598526416,0.002479354349489946,yes
fident_swissprot,-3.028479130489752,0.0026827905778320357,yes
rosetta_fa_intra_rep_per_aa,3.0123151591070587,0.002781324077967009,yes
iptm,2.9652843755870237,0.0033946712515591916,yes
hydrophobic_fitness_per_aa,-2.86934285490316,0.004505675813609242,yes
rosetta_rama_prepro_per_aa_binder,-2.7985194862874336,0.005627834585208759,yes
evoef2_interS_total_per_aa,-2.751921637335952,0.006714863352799608,yes
composition_TYR_binder,-2.668365011323374,0.008128738915353864,yes
budeff_total_per_aa_binder,-2.656894299294856,0.008619962991891305,yes
rosetta_p_aa_pp_per_aa,-2.652376340286409,0.008830466930419742,yes
evoef2_total_per_aa,-2.553538651441196,0.011676374260849064,yes
composition_PHE,-2.5328331281933862,0.011917206445983746,yes
rosetta_fa_sol_per_aa,2.5343161184496172,0.011967797441310556,yes
composition_TRP_binder,-2.484539733019884,0.013651619614006945,yes
packing_density_binder,-2.4661756718499666,0.014573835974016057,yes
rosetta_p_aa_pp_per_aa_binder,-2.3530724177442064,0.019784831542813755,yes
lddt_swissprot,-2.3184323074171562,0.021154887785088502,yes
bits_pdb,-2.317076194924168,0.021267398923585337,yes
qtmscore_pdb,-2.2196415624101786,0.027264541191157454,yes
evoef2_total_per_aa_binder,-2.213839022609073,0.028251756453796878,yes
ss_prop_3_10_helix,-2.18384391164863,0.029864013060785052,yes
budeff_steric_per_aa,-2.155945485541981,0.03272375187115799,yes
ss_prop_bend,-2.138421594219642,0.03322988500427593,yes
rosetta_total_per_aa,-2.144521163061518,0.03363459152942179,yes
rosetta_fa_rep_per_aa,-2.142724792139281,0.03378516682635843,yes
rosetta_fa_dun_per_aa_binder,2.0836574352664154,0.038161966992493725,yes
rosetta_hbond_bb_sc_per_aa,2.0663753902044033,0.03990547356129542,yes
evoef2_interS_total_per_aa_binder,-2.0499912953476955,0.04202505648418468,yes
gapopen_swissprot,2.0327493436034847,0.043331735589180104,yes
num_residues_binder,-1.9818752195077292,0.048881333928308346,yes
num_residues,-1.9782514120756554,0.04926999343059395,yes
evalue_pdb,-1.966574233690001,0.05045949146223713,no
similarity_check,-1.9683026346828456,0.05049673303415764,no
prob_pdb,-1.9447695991404643,0.0528700207159741,no
rosetta_fa_elec_per_aa_binder,-1.9175587186888274,0.05622448265145756,no
composition_ILE,1.9053252905192164,0.05789121397523272,no
hydrophobic_fitness_per_aa_binder,-1.8930885485709046,0.05946896588910224,no
ss_prop_beta_bridge_binder,-1.8753087173610132,0.06176764254485203,no
pae_interaction,-1.8326173056336437,0.06835617252242243,no
qstart_pdb,1.791282407967648,0.07422641855954736,no
ss_prop_hbonded_turn_binder,-1.7812835995337761,0.07589476802285014,no
lddt_pdb,-1.755049168391321,0.08054513240528893,no
composition_ARG_binder,-1.7028024644656294,0.08999608729171057,no
evoef2_ref_total_per_aa_binder,1.663079672527016,0.09765104379559135,no
composition_ARG,-1.6487897388936696,0.10037238718313868,no
composition_ASN_binder,-1.627866270951711,0.10471598593386883,no
budeff_steric_per_aa_binder,-1.6308755313057892,0.1049588836992932,no
esm_pll,-1.6192936451601327,0.10697906547794546,no
composition_VAL_binder,-1.6022009718488721,0.11019726599858633,no
ss_prop_beta_bridge,1.5803580046362238,0.11550490915128112,no
rosetta_fa_rep_per_aa_binder,-1.5823748682734242,0.11572852738047194,no
mass,-1.5722350712939046,0.11740938504017569,no
mass_binder,-1.5717344585518769,0.11754935211906414,no
rosetta_total_per_aa_binder,-1.5742697524483784,0.11755885156563342,no
composition_PHE_binder,-1.5041640134908791,0.13381138578216567,no
mismatch_swissprot,1.4933393385614535,0.13679413725899478,no
bits_swissprot,-1.4333349124825159,0.1531175286013533,no
composition_ASP,1.3846343308311555,0.16742685159533371,no
fident_pdb,-1.3592804642280594,0.17521230573998198,no
rosetta_omega_per_aa,-1.3012704479116604,0.19544530215478792,no
alntmscore_pdb,-1.2293185158685953,0.22035123146125546,no
ttmscore_pdb,-1.2096680476180004,0.22780638326552016,no
rosetta_fa_intra_rep_per_aa_binder,1.1850325930562442,0.23699604158437065,no
composition_MET,1.1758425464720414,0.241001429310514,no
qtmscore_swissprot,-1.1456388053258182,0.25315340220937477,no
rosetta_omega_per_aa_binder,-1.0543472931006537,0.2930152560302889,no
plddt,1.028327285429067,0.3049847526298759,no
composition_VAL,-1.0213988958224143,0.3077354449521853,no
evoef2_interD_total_per_aa,-0.9973776543903533,0.31975187366844177,no
ss_prop_pi_helix_binder,-0.9040508587653209,0.3677951156295508,no
composition_CYS_binder,-0.8966407024583788,0.37079703129352715,no
rosetta_fa_dun_per_aa,0.8885666187585446,0.37510921658472696,no
rosetta_dslf_fa13_per_aa_binder,0.8746768806132665,0.38231946512612414,no
composition_PRO_binder,-0.8737099592046471,0.383303940920835,no
tend_pdb,-0.8332034924332475,0.40558957888144087,no
tstart_pdb,-0.8116099787826332,0.41855203955300846,no
composition_ALA_binder,0.8071486849621065,0.4202531728079901,no
composition_ASN,-0.7988173211089873,0.4251833078930939,no
alnlen_pdb,-0.774420427402028,0.43947928870453035,no
qend_pdb,-0.7199463752514778,0.47229396269314594,no
composition_PRO,-0.7198823442733203,0.4723923910257748,no
composition_ALA,0.6884620809204733,0.4917708613431532,no
mismatch_pdb,-0.6772386922648334,0.4989636648709608,no
composition_ASP_binder,0.6694542427837743,0.5038505286492145,no
ss_prop_pi_helix,-0.6090592644528202,0.5434084786214175,no
composition_HIS,0.5841915668611631,0.5597694695896243,no
composition_MET_binder,0.5542763156948651,0.5799424425259201,no
alnlen_swissprot,0.5243399000229405,0.6005458729525261,no
tend_swissprot,0.49766760456142284,0.6191903034378554,no
prob_swissprot,-0.48382418800216226,0.628993540700427,no
qend_swissprot,0.39533493937210823,0.69297694082518,no
rosetta_fa_atr_per_aa,0.3623381430133839,0.7175427108368324,no
rosetta_pro_close_per_aa,-0.3317206008301368,0.7405728822750686,no
rosetta_pro_close_per_aa_binder,-0.30611531720315893,0.7598926412226652,no
budeff_desolvation_per_aa,0.2607796140311749,0.7945422258537513,no
composition_HIS_binder,0.20902884861612175,0.834608324061781,no
tstart_swissprot,0.1564422061661355,0.8758631690385162,no
qstart_swissprot,0.07890945914149468,0.9372014411519884,no
composition_CYS,0.07029870022819333,0.9440159531095704,no
composition_ILE_binder,0.041271276358876105,0.9671185226759653,no
rosetta_fa_atr_per_aa_binder,-0.02599440314292336,0.9792887665010741,no
gapopen_pdb,-0.011929897168058447,0.9904917141707985,no
budeff_desolvation_per_aa_binder,0.010896909414678788,0.9913156120971385,no
composition_UNK,,,no
rosetta_yhh_planarity_per_aa,,,no
composition_UNK_binder,,,no
evoef2_interD_total_per_aa_binder,,,no
rosetta_yhh_planarity_per_aa_binder,,,no
